regime,family_label,regime3_family,mapping_type,notes
1,Accounting and Finance,Accounting and Finance,same,
1,Administration,Business and Organisational Management,rename,
1,Communications and Marketing,Communications and Engagement,rename,
1,Compliance and Regulation,Compliance and Regulation,same,
1,Development Programme,discontinued,discontinued,Phased out across regimes; headcount dwindled to zero by Dec 2023
1,Engineering and Technical,Engineering and Technical,same,
1,Health,Health,split-precursor,"In Regime 1 Health was separate; merged into Science and Health in Regime 2a, then split back in Regime 3"
1,Human Resources,Human Resources,same,
1,ICT,ICT and Digital,rename,
1,Information and Knowledge Management,Intelligence and Information Management,merge,Merged with Intelligence in Regime 3
1,Intelligence,Intelligence and Information Management,merge,Merged with Information and Knowledge Management in Regime 3
1,Legal and Parliamentary,Legal and Parliamentary,same,
1,Monitoring and Audit,Compliance and Regulation + Accounting and Finance,split-absorb,Audit roles → Accounting and Finance; Risk roles → Compliance and Regulation in Regime 3
1,Organisation Leadership,Business and Organisational Management,absorb,Renamed Senior Executive in Regime 2a; absorbed into Business and Organisational Management in Regime 3
1,Project and Programme,"Portfolio, Program and Project Management",rename,Spelling variant: Dec 2020 uses 'Program' not 'Programme'
1,Research,Data and Research,rename,
1,Science,Science,split-precursor,"In Regime 1 Science was separate; merged into Science and Health in Regime 2a, then split back in Regime 3"
1,Service Delivery,Service Delivery,same,
1,Strategic Policy,Policy,rename,
1,Trades and Labour,Trades and Labour,same,
1,Development Program,discontinued,discontinued,Dec 2020 spelling (Program not Programme); same concept as Development Programme
1,Project and Program,"Portfolio, Program and Project Management",rename,Dec 2020 spelling (Program not Programme)
2a,Accounting and Finance,Accounting and Finance,same,
2a,Administration,Business and Organisational Management,rename,
2a,Communications and Marketing,Communications and Engagement,rename,
2a,Compliance and Regulation,Compliance and Regulation,same,
2a,Data and Research,Data and Research,same,
2a,Development Programme,discontinued,discontinued,Headcount: 1432 (Jun 2021) → 188 (Dec 2021) → 596 (Jun 2022) → 200 (Dec 2022) → 70 (Jun 2023); dropped in Dec 2023
2a,Engineering and Technical,Engineering and Technical,same,
2a,Human Resources,Human Resources,same,
2a,ICT and Digital Solutions,ICT and Digital,rename,
2a,Information and Knowledge Management,Intelligence and Information Management,merge,
2a,Intelligence,Intelligence and Information Management,merge,
2a,Legal and Parliamentary,Legal and Parliamentary,same,
2a,Monitoring and Audit,Compliance and Regulation + Accounting and Finance,split-absorb,
2a,Policy,Policy,same,
2a,"Portfolio, Program and Project Management","Portfolio, Program and Project Management",same,
2a,Science and Health,Science + Health,split,Merged from Regime 1 Science + Health; split back in Regime 3
2a,Senior Executive,Business and Organisational Management,absorb,
2a,Service Delivery,Service Delivery,same,
2a,Trades and Labour,Trades and Labour,same,
2b,Accounting and Finance,Accounting and Finance,same,
2b,Administration,Business and Organisational Management,rename,
2b,Communications and Marketing,Communications and Engagement,rename,
2b,Compliance and Regulation,Compliance and Regulation,same,
2b,Data and Research,Data and Research,same,
2b,Engineering and Technical,Engineering and Technical,same,
2b,Human Resources,Human Resources,same,
2b,ICT and Digital Solutions,ICT and Digital,rename,
2b,Information and Knowledge Management,Intelligence and Information Management,merge,
2b,Intelligence,Intelligence and Information Management,merge,
2b,Legal and Parliamentary,Legal and Parliamentary,same,
2b,Monitoring and Audit,Compliance and Regulation + Accounting and Finance,split-absorb,
2b,Policy,Policy,same,
2b,"Portfolio, Program and Project Management","Portfolio, Program and Project Management",same,
2b,Science and Health,Science + Health,split,
2b,Senior Executive,Business and Organisational Management,absorb,
2b,Service Delivery,Service Delivery,same,
2b,Trades and Labour,Trades and Labour,same,
2b+,Accounting and Finance,Accounting and Finance,same,
2b+,Administration,Business and Organisational Management,rename,
2b+,Communications and Marketing,Communications and Engagement,rename,
2b+,Compliance and Regulation,Compliance and Regulation,same,
2b+,Data and Research,Data and Research,same,
2b+,Engineering and Technical,Engineering and Technical,same,
2b+,Human Resources,Human Resources,same,
2b+,ICT and Digital Solutions,ICT and Digital,rename,
2b+,Information and Knowledge Management,Intelligence and Information Management,merge,
2b+,Intelligence,Intelligence and Information Management,merge,
2b+,Legal and Parliamentary,Legal and Parliamentary,same,
2b+,Monitoring and Audit,Compliance and Regulation + Accounting and Finance,split-absorb,
2b+,No Data,No data,same,Jun 2024 and Dec 2024 label
2b+,Zero Data,No data,same,Jun 2025 label only — same concept as No Data
2b+,No data,No data,same,Normalised output label; source labels are No Data (Jun/Dec 2024) and Zero Data (Jun 2025)
2b+,Policy,Policy,same,
2b+,"Portfolio, Program and Project Management","Portfolio, Program and Project Management",same,
2b+,Science and Health,Science + Health,split,
2b+,Senior Executive,Business and Organisational Management,absorb,
2b+,Service Delivery,Service Delivery,same,
2b+,Trades and Labour,Trades and Labour,same,
3,Accounting and Finance,Accounting and Finance,same,
3,Business and Organisational Management,Business and Organisational Management,same,
3,Communications and Engagement,Communications and Engagement,same,
3,Compliance and Regulation,Compliance and Regulation,same,
3,Data and Research,Data and Research,same,
3,Engineering and Technical,Engineering and Technical,same,
3,Health,Health,same,
3,Human Resources,Human Resources,same,
3,ICT and Digital,ICT and Digital,same,
3,Intelligence and Information Management,Intelligence and Information Management,same,
3,Legal and Parliamentary,Legal and Parliamentary,same,
3,No data,No data,same,
3,Policy,Policy,same,
3,"Portfolio, Program and Project Management","Portfolio, Program and Project Management",same,
3,Science,Science,same,
3,Service Delivery,Service Delivery,same,
3,Trades and Labour,Trades and Labour,same,
