release_label,snapshot_date,format,url
June 2020,2020-06-30,xlsx,https://www.apsc.gov.au/sites/default/files/2021-02/aps_employment_release_tables_-_30_june_2020.xlsx
December 2020,2020-12-31,xlsx,https://www.apsc.gov.au/sites/default/files/2021-03/APS%20Employee%20Database%20Release%2031%20December%202020.xlsx
June 2021,2021-06-30,xlsx,https://www.apsc.gov.au/sites/default/files/2021-09/APS%20Employment%20Release%20Tables%20-%2030%20June%202021.xlsx
December 2021,2021-12-31,xlsx,https://www.apsc.gov.au/sites/default/files/2022-03/APSED%20Dec%202021%20All%20Tables.xlsx
June 2022,2022-06-30,xlsx,https://www.apsc.gov.au/sites/default/files/2022-09/APSED%20June%202022%20All%20Tables.xlsx
December 2022,2022-12-31,xlsx,https://www.apsc.gov.au/sites/default/files/2023-03/Employment%20Data%20Release%20December%202022%20-%20tables.xlsx
June 2023,2023-06-30,xlsx,https://www.apsc.gov.au/sites/default/files/2023-10/APS%20Employment%20Release%20Tables%20%E2%80%93%2030%20June%202023.XLSX
December 2023,2023-12-31,xlsx,https://www.apsc.gov.au/sites/default/files/2024-03/APS%20Employment%20Release%20Tables%20-%2031%20December%2023.xlsx
June 2024,2024-06-30,xlsx,https://www.apsc.gov.au/sites/default/files/2024-10/APS%20Employment%20Release%20Tables%20-%2030%20June%202024.xlsx
December 2024,2024-12-31,xlsx,https://www.apsc.gov.au/sites/default/files/2025-03/APS%20Employment%20Release%20Tables%20-%2031%20December%202024_0.xlsx
June 2025,2025-06-30,xlsx,https://www.apsc.gov.au/sites/default/files/2025-09/APS%20Employment%20Release%20Tables%20-%2030%20June%202025.xlsx
December 2025,2025-12-31,xlsx,https://www.apsc.gov.au/sites/default/files/2026-03/APS%20Employment%20Release%20Tables%20-%2031%20December%202025.xlsx
